[
  {
    "Id": 1,
    "Name": "Abercorn"
  },
  {
    "Id": 2,
    "Name": "Acton Vale"
  },
  {
    "Id": 3,
    "Name": "Adstock"
  },
  {
    "Id": 4,
    "Name": "Aguanish"
  },
  {
    "Id": 5,
    "Name": "Akulivik"
  },
  {
    "Id": 6,
    "Name": "Akulivik"
  },
  {
    "Id": 7,
    "Name": "Akwesasne"
  },
  {
    "Id": 8,
    "Name": "Albanel"
  },
  {
    "Id": 9,
    "Name": "Albertville"
  },
  {
    "Id": 10,
    "Name": "Alleyn-et-Cawood"
  },
  {
    "Id": 11,
    "Name": "Alma"
  },
  {
    "Id": 12,
    "Name": "Amherst"
  },
  {
    "Id": 13,
    "Name": "Amos"
  },
  {
    "Id": 14,
    "Name": "Amqui"
  },
  {
    "Id": 15,
    "Name": "Ange-Gardien"
  },
  {
    "Id": 16,
    "Name": "Armagh"
  },
  {
    "Id": 17,
    "Name": "Arundel"
  },
  {
    "Id": 18,
    "Name": "Ascot Corner"
  },
  {
    "Id": 19,
    "Name": "Aston-Jonction"
  },
  {
    "Id": 20,
    "Name": "Auclair"
  },
  {
    "Id": 21,
    "Name": "Audet"
  },
  {
    "Id": 22,
    "Name": "Aumond"
  },
  {
    "Id": 23,
    "Name": "Aupaluk"
  },
  {
    "Id": 24,
    "Name": "Aupaluk"
  },
  {
    "Id": 25,
    "Name": "Austin"
  },
  {
    "Id": 26,
    "Name": "Authier"
  },
  {
    "Id": 27,
    "Name": "Authier-Nord"
  },
  {
    "Id": 28,
    "Name": "Ayer's Cliff"
  },
  {
    "Id": 29,
    "Name": "Baie-Atibenne"
  },
  {
    "Id": 30,
    "Name": "Baie-Comeau"
  },
  {
    "Id": 31,
    "Name": "Baie-d'Hudson"
  },
  {
    "Id": 32,
    "Name": "Baie-D'Urfé"
  },
  {
    "Id": 33,
    "Name": "Baie-de-la-Bouteille"
  },
  {
    "Id": 34,
    "Name": "Baie-des-Chaloupes"
  },
  {
    "Id": 35,
    "Name": "Baie-des-Sables)"
  },
  {
    "Id": 36,
    "Name": "Baie-du-Febvre"
  },
  {
    "Id": 37,
    "Name": "Baie-Johan-Beetz"
  },
  {
    "Id": 38,
    "Name": "Baie-Obaoca"
  },
  {
    "Id": 39,
    "Name": "Baie-Saint-Paul"
  },
  {
    "Id": 40,
    "Name": "Baie-Sainte-Catherine"
  },
  {
    "Id": 41,
    "Name": "Baie-Trinité"
  },
  {
    "Id": 42,
    "Name": "Barkmere"
  },
  {
    "Id": 43,
    "Name": "Barnston-Ouest"
  },
  {
    "Id": 44,
    "Name": "Barraute"
  },
  {
    "Id": 45,
    "Name": "Batiscan"
  },
  {
    "Id": 46,
    "Name": "Beaconsfield"
  },
  {
    "Id": 47,
    "Name": "Béarn"
  },
  {
    "Id": 48,
    "Name": "Beauceville"
  },
  {
    "Id": 49,
    "Name": "Beauharnois"
  },
  {
    "Id": 50,
    "Name": "Beaulac-Garthby"
  },
  {
    "Id": 51,
    "Name": "Beaumont"
  },
  {
    "Id": 52,
    "Name": "Beaupré"
  },
  {
    "Id": 53,
    "Name": "Bécancour"
  },
  {
    "Id": 54,
    "Name": "Bedford"
  },
  {
    "Id": 55,
    "Name": "Bedford"
  },
  {
    "Id": 56,
    "Name": "Bégin"
  },
  {
    "Id": 57,
    "Name": "Belcourt"
  },
  {
    "Id": 58,
    "Name": "Belle-Rivière"
  },
  {
    "Id": 59,
    "Name": "Belleterre"
  },
  {
    "Id": 60,
    "Name": "Belœil"
  },
  {
    "Id": 61,
    "Name": "Berry"
  },
  {
    "Id": 62,
    "Name": "Berthier-sur-Mer"
  },
  {
    "Id": 63,
    "Name": "Berthierville"
  },
  {
    "Id": 64,
    "Name": "Béthanie"
  },
  {
    "Id": 65,
    "Name": "Biencourt"
  },
  {
    "Id": 66,
    "Name": "Blainville"
  },
  {
    "Id": 67,
    "Name": "Blanc-Sablon"
  },
  {
    "Id": 68,
    "Name": "Blue Sea"
  },
  {
    "Id": 69,
    "Name": "Boileau"
  },
  {
    "Id": 70,
    "Name": "Bois-des-Filion"
  },
  {
    "Id": 71,
    "Name": "Bois-Franc"
  },
  {
    "Id": 72,
    "Name": "Boisbriand"
  },
  {
    "Id": 73,
    "Name": "Boischatel"
  },
  {
    "Id": 74,
    "Name": "Bolton-Est"
  },
  {
    "Id": 75,
    "Name": "Bolton-Ouest"
  },
  {
    "Id": 76,
    "Name": "Bonaventure"
  },
  {
    "Id": 77,
    "Name": "Bonne-Espérance"
  },
  {
    "Id": 78,
    "Name": "Bonsecours"
  },
  {
    "Id": 79,
    "Name": "Boucherville"
  },
  {
    "Id": 80,
    "Name": "Bouchette"
  },
  {
    "Id": 81,
    "Name": "Bowman"
  },
  {
    "Id": 82,
    "Name": "Brébeuf"
  },
  {
    "Id": 83,
    "Name": "Brigham"
  },
  {
    "Id": 84,
    "Name": "Bristol"
  },
  {
    "Id": 85,
    "Name": "Brome"
  },
  {
    "Id": 86,
    "Name": "Bromont"
  },
  {
    "Id": 87,
    "Name": "Brossard"
  },
  {
    "Id": 88,
    "Name": "Brownsburg-Chatham"
  },
  {
    "Id": 89,
    "Name": "Bryson"
  },
  {
    "Id": 90,
    "Name": "Bury"
  },
  {
    "Id": 91,
    "Name": "Cacouna"
  },
  {
    "Id": 92,
    "Name": "Cacouna"
  },
  {
    "Id": 93,
    "Name": "Calixa-Lavallée"
  },
  {
    "Id": 94,
    "Name": "Campbell's Bay"
  },
  {
    "Id": 95,
    "Name": "Candiac"
  },
  {
    "Id": 96,
    "Name": "Caniapiscau"
  },
  {
    "Id": 97,
    "Name": "Cantley"
  },
  {
    "Id": 98,
    "Name": "Cap-Chat"
  },
  {
    "Id": 99,
    "Name": "Cap-Saint-Ignace"
  },
  {
    "Id": 100,
    "Name": "Cap-Santé"
  },
  {
    "Id": 101,
    "Name": "Caplan"
  },
  {
    "Id": 102,
    "Name": "Carignan"
  },
  {
    "Id": 103,
    "Name": "Carleton-sur-Mer"
  },
  {
    "Id": 104,
    "Name": "Cascades-Malignes"
  },
  {
    "Id": 105,
    "Name": "Cascapédia–Saint-Jules"
  },
  {
    "Id": 106,
    "Name": "Causapscal"
  },
  {
    "Id": 107,
    "Name": "Cayamant"
  },
  {
    "Id": 108,
    "Name": "Chambly"
  },
  {
    "Id": 109,
    "Name": "Chambord"
  },
  {
    "Id": 110,
    "Name": "Champlain"
  },
  {
    "Id": 111,
    "Name": "Champneuf"
  },
  {
    "Id": 112,
    "Name": "Chandler"
  },
  {
    "Id": 113,
    "Name": "Chapais"
  },
  {
    "Id": 114,
    "Name": "Charette"
  },
  {
    "Id": 115,
    "Name": "Charlemagne"
  },
  {
    "Id": 116,
    "Name": "Chartierville"
  },
  {
    "Id": 117,
    "Name": "Château-Richer"
  },
  {
    "Id": 118,
    "Name": "Châteauguay"
  },
  {
    "Id": 119,
    "Name": "Chazel"
  },
  {
    "Id": 120,
    "Name": "Chelsea"
  },
  {
    "Id": 121,
    "Name": "Chénéville"
  },
  {
    "Id": 122,
    "Name": "Chertsey"
  },
  {
    "Id": 123,
    "Name": "Chesterville"
  },
  {
    "Id": 124,
    "Name": "Chibougamau"
  },
  {
    "Id": 125,
    "Name": "Chichester"
  },
  {
    "Id": 126,
    "Name": "Chisasibi"
  },
  {
    "Id": 127,
    "Name": "Chisasibi"
  },
  {
    "Id": 128,
    "Name": "Chute-aux-Outardes"
  },
  {
    "Id": 129,
    "Name": "Chute-Saint-Philippe"
  },
  {
    "Id": 130,
    "Name": "Clarenceville"
  },
  {
    "Id": 131,
    "Name": "Clarendon"
  },
  {
    "Id": 132,
    "Name": "Clermont"
  },
  {
    "Id": 133,
    "Name": "Clermont"
  },
  {
    "Id": 134,
    "Name": "Clerval"
  },
  {
    "Id": 135,
    "Name": "Cleveland"
  },
  {
    "Id": 136,
    "Name": "Cloridorme"
  },
  {
    "Id": 137,
    "Name": "Coaticook"
  },
  {
    "Id": 138,
    "Name": "Collines-du-Basque"
  },
  {
    "Id": 139,
    "Name": "Colombier"
  },
  {
    "Id": 140,
    "Name": "Compton"
  },
  {
    "Id": 141,
    "Name": "Contrecœur"
  },
  {
    "Id": 142,
    "Name": "Cookshire-Eaton"
  },
  {
    "Id": 143,
    "Name": "Côte-Nord-du-Golfe-du-Saint-Laurent"
  },
  {
    "Id": 144,
    "Name": "Côte-Saint-Luc"
  },
  {
    "Id": 145,
    "Name": "Coteau-du-Lac"
  },
  {
    "Id": 146,
    "Name": "Coucoucache"
  },
  {
    "Id": 147,
    "Name": "Coulée-des-Adolphe"
  },
  {
    "Id": 148,
    "Name": "Courcelles-Saint-Évariste"
  },
  {
    "Id": 149,
    "Name": "Cowansville"
  },
  {
    "Id": 150,
    "Name": "Crabtree"
  },
  {
    "Id": 151,
    "Name": "Danville"
  },
  {
    "Id": 152,
    "Name": "Daveluyville"
  },
  {
    "Id": 153,
    "Name": "Dégelis"
  },
  {
    "Id": 154,
    "Name": "Déléage"
  },
  {
    "Id": 155,
    "Name": "Delson"
  },
  {
    "Id": 156,
    "Name": "Denholm"
  },
  {
    "Id": 157,
    "Name": "Dépôt-Échouani"
  },
  {
    "Id": 158,
    "Name": "Desbiens"
  },
  {
    "Id": 159,
    "Name": "Deschaillons-sur-Saint-Laurent"
  },
  {
    "Id": 160,
    "Name": "Deschambault-Grondines"
  },
  {
    "Id": 161,
    "Name": "Deux-Montagnes"
  },
  {
    "Id": 162,
    "Name": "Disraeli"
  },
  {
    "Id": 163,
    "Name": "Disraeli"
  },
  {
    "Id": 164,
    "Name": "Dixville"
  },
  {
    "Id": 165,
    "Name": "Dolbeau-Mistassini"
  },
  {
    "Id": 166,
    "Name": "Dollard-des-Ormeaux"
  },
  {
    "Id": 167,
    "Name": "Doncaster"
  },
  {
    "Id": 168,
    "Name": "Donnacona"
  },
  {
    "Id": 169,
    "Name": "Dorval"
  },
  {
    "Id": 170,
    "Name": "Dosquet"
  },
  {
    "Id": 171,
    "Name": "Drummondville"
  },
  {
    "Id": 172,
    "Name": "Dudswell"
  },
  {
    "Id": 173,
    "Name": "Duhamel"
  },
  {
    "Id": 174,
    "Name": "Duhamel-Ouest"
  },
  {
    "Id": 175,
    "Name": "Dundee"
  },
  {
    "Id": 176,
    "Name": "Dunham"
  },
  {
    "Id": 177,
    "Name": "Duparquet"
  },
  {
    "Id": 178,
    "Name": "Dupuy"
  },
  {
    "Id": 179,
    "Name": "Durham-Sud"
  },
  {
    "Id": 180,
    "Name": "East Angus"
  },
  {
    "Id": 181,
    "Name": "East Broughton"
  },
  {
    "Id": 182,
    "Name": "East Farnham"
  },
  {
    "Id": 183,
    "Name": "East Hereford"
  },
  {
    "Id": 184,
    "Name": "Eastmain"
  },
  {
    "Id": 185,
    "Name": "Eastmain"
  },
  {
    "Id": 186,
    "Name": "Eastman"
  },
  {
    "Id": 187,
    "Name": "Eeyou Istchee Baie-James"
  },
  {
    "Id": 188,
    "Name": "Egan-Sud"
  },
  {
    "Id": 189,
    "Name": "Elgin"
  },
  {
    "Id": 190,
    "Name": "Entrelacs"
  },
  {
    "Id": 191,
    "Name": "Escuminac"
  },
  {
    "Id": 192,
    "Name": "Esprit-Saint"
  },
  {
    "Id": 193,
    "Name": "Essipit"
  },
  {
    "Id": 194,
    "Name": "Estérel"
  },
  {
    "Id": 195,
    "Name": "Farnham"
  },
  {
    "Id": 196,
    "Name": "Fassett"
  },
  {
    "Id": 197,
    "Name": "Ferland-et-Boilleau"
  },
  {
    "Id": 198,
    "Name": "Ferme-Neuve"
  },
  {
    "Id": 199,
    "Name": "Fermont"
  },
  {
    "Id": 200,
    "Name": "Forestville"
  },
  {
    "Id": 201,
    "Name": "Fort-Coulonge"
  },
  {
    "Id": 202,
    "Name": "Fortierville"
  },
  {
    "Id": 203,
    "Name": "Fossambault-sur-le-Lac"
  },
  {
    "Id": 204,
    "Name": "Frampton"
  },
  {
    "Id": 205,
    "Name": "Franklin"
  },
  {
    "Id": 206,
    "Name": "Franquelin"
  },
  {
    "Id": 207,
    "Name": "Frelighsburg"
  },
  {
    "Id": 208,
    "Name": "Frontenac"
  },
  {
    "Id": 209,
    "Name": "Fugèreville"
  },
  {
    "Id": 210,
    "Name": "Gallichan"
  },
  {
    "Id": 211,
    "Name": "Gaspé"
  },
  {
    "Id": 212,
    "Name": "Gatineau"
  },
  {
    "Id": 213,
    "Name": "Gesgapegiag"
  },
  {
    "Id": 214,
    "Name": "Girardville"
  },
  {
    "Id": 215,
    "Name": "Godbout"
  },
  {
    "Id": 216,
    "Name": "Godmanchester"
  },
  {
    "Id": 217,
    "Name": "Gore"
  },
  {
    "Id": 218,
    "Name": "Gracefield"
  },
  {
    "Id": 219,
    "Name": "Granby"
  },
  {
    "Id": 220,
    "Name": "Grand-Métis"
  },
  {
    "Id": 221,
    "Name": "Grand-Remous"
  },
  {
    "Id": 222,
    "Name": "Grand-Saint-Esprit"
  },
  {
    "Id": 223,
    "Name": "Grande-Rivière"
  },
  {
    "Id": 224,
    "Name": "Grande-Vallée"
  },
  {
    "Id": 225,
    "Name": "Grandes-Piles"
  },
  {
    "Id": 226,
    "Name": "Grenville"
  },
  {
    "Id": 227,
    "Name": "Grenville-sur-la-Rouge"
  },
  {
    "Id": 228,
    "Name": "Gros-Mécatina"
  },
  {
    "Id": 229,
    "Name": "Grosse-Île"
  },
  {
    "Id": 230,
    "Name": "Grosses-Roches"
  },
  {
    "Id": 231,
    "Name": "Guérin"
  },
  {
    "Id": 232,
    "Name": "Ham-Nord"
  },
  {
    "Id": 233,
    "Name": "Ham-Sud"
  },
  {
    "Id": 234,
    "Name": "Hampden"
  },
  {
    "Id": 235,
    "Name": "Hampstead"
  },
  {
    "Id": 236,
    "Name": "Harrington"
  },
  {
    "Id": 237,
    "Name": "Hatley"
  },
  {
    "Id": 238,
    "Name": "Hatley"
  },
  {
    "Id": 239,
    "Name": "Havelock"
  },
  {
    "Id": 240,
    "Name": "Havre-Saint-Pierre"
  },
  {
    "Id": 241,
    "Name": "Hébertville"
  },
  {
    "Id": 242,
    "Name": "Hemmingford"
  },
  {
    "Id": 243,
    "Name": "Hemmingford"
  },
  {
    "Id": 244,
    "Name": "Henryville"
  },
  {
    "Id": 245,
    "Name": "Hérouxville"
  },
  {
    "Id": 246,
    "Name": "Hinchinbrooke"
  },
  {
    "Id": 247,
    "Name": "Honfleur"
  },
  {
    "Id": 248,
    "Name": "Hope"
  },
  {
    "Id": 249,
    "Name": "Hope Name"
  },
  {
    "Id": 250,
    "Name": "Howick"
  },
  {
    "Id": 251,
    "Name": "Huberdeau"
  },
  {
    "Id": 252,
    "Name": "Hudson"
  },
  {
    "Id": 253,
    "Name": "Huntingdon"
  },
  {
    "Id": 254,
    "Name": "Inukjuak"
  },
  {
    "Id": 255,
    "Name": "Inukjuak"
  },
  {
    "Id": 256,
    "Name": "Inverness"
  },
  {
    "Id": 257,
    "Name": "Irlande"
  },
  {
    "Id": 258,
    "Name": "Ivry-sur-le-Lac"
  },
  {
    "Id": 259,
    "Name": "Ivujivik"
  },
  {
    "Id": 260,
    "Name": "Ivujivik"
  },
  {
    "Id": 261,
    "Name": "Joliette"
  },
  {
    "Id": 262,
    "Name": "Kahnawake"
  },
  {
    "Id": 263,
    "Name": "Kamouraska"
  },
  {
    "Id": 264,
    "Name": "Kangiqsualujjuaq"
  },
  {
    "Id": 265,
    "Name": "Kangiqsualujjuaq"
  },
  {
    "Id": 266,
    "Name": "Kangiqsujuaq"
  },
  {
    "Id": 267,
    "Name": "Kangiqsujuaq"
  },
  {
    "Id": 268,
    "Name": "Kangirsuk"
  },
  {
    "Id": 269,
    "Name": "Kangirsuk"
  },
  {
    "Id": 270,
    "Name": "Kataskomiq"
  },
  {
    "Id": 271,
    "Name": "Kawawachikamach"
  },
  {
    "Id": 272,
    "Name": "Kawawachikamach"
  },
  {
    "Id": 273,
    "Name": "Kazabazua"
  },
  {
    "Id": 274,
    "Name": "Kebaowek"
  },
  {
    "Id": 275,
    "Name": "Kiamika"
  },
  {
    "Id": 276,
    "Name": "Kingsbury"
  },
  {
    "Id": 277,
    "Name": "Kingsey Falls"
  },
  {
    "Id": 278,
    "Name": "Kinnear's Mills"
  },
  {
    "Id": 279,
    "Name": "Kipawa"
  },
  {
    "Id": 280,
    "Name": "Kirkland"
  },
  {
    "Id": 281,
    "Name": "Kitigan Zibi"
  },
  {
    "Id": 282,
    "Name": "Kuujjuaq"
  },
  {
    "Id": 283,
    "Name": "Kuujjuaq"
  },
  {
    "Id": 284,
    "Name": "Kuujjuarapik"
  },
  {
    "Id": 285,
    "Name": "Kuujjuarapik"
  },
  {
    "Id": 286,
    "Name": "L'Ancienne-Lorette"
  },
  {
    "Id": 287,
    "Name": "L'Ange-Gardien"
  },
  {
    "Id": 288,
    "Name": "L'Ange-Gardien"
  },
  {
    "Id": 289,
    "Name": "L'Anse-Saint-Jean"
  },
  {
    "Id": 290,
    "Name": "L'Ascension"
  },
  {
    "Id": 291,
    "Name": "L'Ascension-de-Notre-Seigneur"
  },
  {
    "Id": 292,
    "Name": "L'Ascension-de-Patapédia"
  },
  {
    "Id": 293,
    "Name": "L'Assomption"
  },
  {
    "Id": 294,
    "Name": "L'Avenir"
  },
  {
    "Id": 295,
    "Name": "L'Épiphanie"
  },
  {
    "Id": 296,
    "Name": "L'Île-Cadieux"
  },
  {
    "Id": 297,
    "Name": "L'Île-d'Anticosti"
  },
  {
    "Id": 298,
    "Name": "L'Île-Dorval"
  },
  {
    "Id": 299,
    "Name": "L'Île-du-Grand-Calumet"
  },
  {
    "Id": 300,
    "Name": "L'Île-Perrot"
  },
  {
    "Id": 301,
    "Name": "L'Isle-aux-Allumettes"
  },
  {
    "Id": 302,
    "Name": "L'Isle-aux-Coudres"
  },
  {
    "Id": 303,
    "Name": "L'Isle-Verte"
  },
  {
    "Id": 304,
    "Name": "L'Islet"
  },
  {
    "Id": 305,
    "Name": "La Bostonnais"
  },
  {
    "Id": 306,
    "Name": "La Conception"
  },
  {
    "Id": 307,
    "Name": "La Corne"
  },
  {
    "Id": 308,
    "Name": "La Doré"
  },
  {
    "Id": 309,
    "Name": "La Durantaye"
  },
  {
    "Id": 310,
    "Name": "La Guadeloupe"
  },
  {
    "Id": 311,
    "Name": "La Macaza"
  },
  {
    "Id": 312,
    "Name": "La Malbaie"
  },
  {
    "Id": 313,
    "Name": "La Martre"
  },
  {
    "Id": 314,
    "Name": "La Minerve"
  },
  {
    "Id": 315,
    "Name": "La Morandière-Rochebaucourt"
  },
  {
    "Id": 316,
    "Name": "La Motte"
  },
  {
    "Id": 317,
    "Name": "La Patrie"
  },
  {
    "Id": 318,
    "Name": "La Pêche"
  },
  {
    "Id": 319,
    "Name": "La Pocatière"
  },
  {
    "Id": 320,
    "Name": "La Prairie"
  },
  {
    "Id": 321,
    "Name": "La Présentation"
  },
  {
    "Id": 322,
    "Name": "La Rédemption"
  },
  {
    "Id": 323,
    "Name": "La Reine"
  },
  {
    "Id": 324,
    "Name": "La Romaine"
  },
  {
    "Id": 325,
    "Name": "La Sarre"
  },
  {
    "Id": 326,
    "Name": "La Trinité-des-Monts"
  },
  {
    "Id": 327,
    "Name": "La Tuque"
  },
  {
    "Id": 328,
    "Name": "La Visitation-de-l'Île-Dupas"
  },
  {
    "Id": 329,
    "Name": "La Visitation-de-Yamaska"
  },
  {
    "Id": 330,
    "Name": "Labelle"
  },
  {
    "Id": 331,
    "Name": "Labrecque"
  },
  {
    "Id": 332,
    "Name": "Lac-à-la-Croix"
  },
  {
    "Id": 333,
    "Name": "Lac-Achouakan"
  },
  {
    "Id": 334,
    "Name": "Lac-Akonapwehikan"
  },
  {
    "Id": 335,
    "Name": "Lac-Alfred"
  },
  {
    "Id": 336,
    "Name": "Lac-Ashuapmushuan"
  },
  {
    "Id": 337,
    "Name": "Lac-au-Brochet"
  },
  {
    "Id": 338,
    "Name": "Lac-au-Saumon"
  },
  {
    "Id": 339,
    "Name": "Lac-aux-Sables"
  },
  {
    "Id": 340,
    "Name": "Lac-Bazinet"
  },
  {
    "Id": 341,
    "Name": "Lac-Beauport"
  },
  {
    "Id": 342,
    "Name": "Lac-Blanc"
  },
  {
    "Id": 343,
    "Name": "Lac-Boisbouscache"
  },
  {
    "Id": 344,
    "Name": "Lac-Bouchette"
  },
  {
    "Id": 345,
    "Name": "Lac-Boulé"
  },
  {
    "Id": 346,
    "Name": "Lac-Brome"
  },
  {
    "Id": 347,
    "Name": "Lac-Cabasta"
  },
  {
    "Id": 348,
    "Name": "Lac-Casault"
  },
  {
    "Id": 349,
    "Name": "Lac-Chicobi"
  },
  {
    "Id": 350,
    "Name": "Lac-Croche"
  },
  {
    "Id": 351,
    "Name": "Lac-De La Bidière"
  },
  {
    "Id": 352,
    "Name": "Lac-de-la-Maison-de-Pierre"
  },
  {
    "Id": 353,
    "Name": "Lac-de-la-Pomme"
  },
  {
    "Id": 354,
    "Name": "Lac-Delage"
  },
  {
    "Id": 355,
    "Name": "Lac-des-Aigles"
  },
  {
    "Id": 356,
    "Name": "Lac-des-Dix-Milles"
  },
  {
    "Id": 357,
    "Name": "Lac-des-Eaux-Mortes"
  },
  {
    "Id": 358,
    "Name": "Lac-des-Écorces"
  },
  {
    "Id": 359,
    "Name": "Lac-des-Plages"
  },
  {
    "Id": 360,
    "Name": "Lac-des-Seize-Îles"
  },
  {
    "Id": 361,
    "Name": "Lac-Despinassy"
  },
  {
    "Id": 362,
    "Name": "Lac-Devenyns"
  },
  {
    "Id": 363,
    "Name": "Lac-Douaire"
  },
  {
    "Id": 364,
    "Name": "Lac-Drolet"
  },
  {
    "Id": 365,
    "Name": "Lac-du-Cerf"
  },
  {
    "Id": 366,
    "Name": "Lac-du-Taureau"
  },
  {
    "Id": 367,
    "Name": "Lac-Duparquet"
  },
  {
    "Id": 368,
    "Name": "Lac-Édouard"
  },
  {
    "Id": 369,
    "Name": "Lac-Ernest"
  },
  {
    "Id": 370,
    "Name": "Lac-Etchemin"
  },
  {
    "Id": 371,
    "Name": "Lac-Frontière"
  },
  {
    "Id": 372,
    "Name": "Lac-Granet"
  },
  {
    "Id": 373,
    "Name": "Lac-Huron"
  },
  {
    "Id": 374,
    "Name": "Lac-Jacques-Cartier"
  },
  {
    "Id": 375,
    "Name": "Lac-Jérôme"
  },
  {
    "Id": 376,
    "Name": "Lac-John"
  },
  {
    "Id": 377,
    "Name": "Lac-Juillet"
  },
  {
    "Id": 378,
    "Name": "Lac-Lapeyrère"
  },
  {
    "Id": 379,
    "Name": "Lac-Legendre"
  },
  {
    "Id": 380,
    "Name": "Lac-Lenôtre"
  },
  {
    "Id": 381,
    "Name": "Lac-Marguerite"
  },
  {
    "Id": 382,
    "Name": "Lac-Masketsi"
  },
  {
    "Id": 383,
    "Name": "Lac-Matapédia"
  },
  {
    "Id": 384,
    "Name": "Lac-Matawin"
  },
  {
    "Id": 385,
    "Name": "Lac-Mégantic"
  },
  {
    "Id": 386,
    "Name": "Lac-Metei"
  },
  {
    "Id": 387,
    "Name": "Lac-Minaki"
  },
  {
    "Id": 388,
    "Name": "Lac-Ministuk"
  },
  {
    "Id": 389,
    "Name": "Lac-Moncouche"
  },
  {
    "Id": 390,
    "Name": "Lac-Moselle"
  },
  {
    "Id": 391,
    "Name": "Lac-Nilgaut"
  },
  {
    "Id": 392,
    "Name": "Lac-Normand"
  },
  {
    "Id": 393,
    "Name": "Lac-Oscar"
  },
  {
    "Id": 394,
    "Name": "Lac-Pikauba"
  },
  {
    "Id": 395,
    "Name": "Lac-Poulin"
  },
  {
    "Id": 396,
    "Name": "Lac-Pythonga"
  },
  {
    "Id": 397,
    "Name": "Lac-Rapide"
  },
  {
    "Id": 398,
    "Name": "Lac-Saguay"
  },
  {
    "Id": 399,
    "Name": "Lac-Saint-Joseph"
  },
  {
    "Id": 400,
    "Name": "Lac-Saint-Paul"
  },
  {
    "Id": 401,
    "Name": "Lac-Sainte-Marie"
  },
  {
    "Id": 402,
    "Name": "Lac-Santé"
  },
  {
    "Id": 403,
    "Name": "Lac-Sergent"
  },
  {
    "Id": 404,
    "Name": "Lac-Simon"
  },
  {
    "Id": 405,
    "Name": "Lac-Simon"
  },
  {
    "Id": 406,
    "Name": "Lac-Supérieur"
  },
  {
    "Id": 407,
    "Name": "Lac-Tremblant-Nord"
  },
  {
    "Id": 408,
    "Name": "Lac-Vacher"
  },
  {
    "Id": 409,
    "Name": "Lac-Wagwabika"
  },
  {
    "Id": 410,
    "Name": "Lac-Walker"
  },
  {
    "Id": 411,
    "Name": "Lachute"
  },
  {
    "Id": 412,
    "Name": "Lacolle"
  },
  {
    "Id": 413,
    "Name": "Laforce"
  },
  {
    "Id": 414,
    "Name": "Lalemant"
  },
  {
    "Id": 415,
    "Name": "Lamarche"
  },
  {
    "Id": 416,
    "Name": "Lambton"
  },
  {
    "Id": 417,
    "Name": "Landrienne"
  },
  {
    "Id": 418,
    "Name": "Laniel"
  },
  {
    "Id": 419,
    "Name": "Lanoraie"
  },
  {
    "Id": 420,
    "Name": "Lantier"
  },
  {
    "Id": 421,
    "Name": "Larouche"
  },
  {
    "Id": 422,
    "Name": "Latulipe-et-Gaboury"
  },
  {
    "Id": 423,
    "Name": "Launay"
  },
  {
    "Id": 424,
    "Name": "Laurier-Station"
  },
  {
    "Id": 425,
    "Name": "Laurierville"
  },
  {
    "Id": 426,
    "Name": "Laval"
  },
  {
    "Id": 427,
    "Name": "Lavaltrie"
  },
  {
    "Id": 428,
    "Name": "Laverlochère-Angliers"
  },
  {
    "Id": 429,
    "Name": "Lawrenceville"
  },
  {
    "Id": 430,
    "Name": "Lebel-sur-Quévillon"
  },
  {
    "Id": 431,
    "Name": "Leclercville"
  },
  {
    "Id": 432,
    "Name": "Lefebvre"
  },
  {
    "Id": 433,
    "Name": "Lejeune"
  },
  {
    "Id": 434,
    "Name": "Lemieux"
  },
  {
    "Id": 435,
    "Name": "Léry"
  },
  {
    "Id": 436,
    "Name": "Les Bergeronnes"
  },
  {
    "Id": 437,
    "Name": "Les Cèdres"
  },
  {
    "Id": 438,
    "Name": "Les Coteaux"
  },
  {
    "Id": 439,
    "Name": "Les Éboulements"
  },
  {
    "Id": 440,
    "Name": "Les Escoumins"
  },
  {
    "Id": 441,
    "Name": "Les Hauteurs"
  },
  {
    "Id": 442,
    "Name": "Les Îles-de-la-Madeleine"
  },
  {
    "Id": 443,
    "Name": "Les Lacs-du-Témiscamingue"
  },
  {
    "Id": 444,
    "Name": "Les Méchins"
  },
  {
    "Id": 445,
    "Name": "Lévis"
  },
  {
    "Id": 446,
    "Name": "Lingwick"
  },
  {
    "Id": 447,
    "Name": "Linton"
  },
  {
    "Id": 448,
    "Name": "Listuguj"
  },
  {
    "Id": 449,
    "Name": "Litchfield"
  },
  {
    "Id": 450,
    "Name": "Lochaber"
  },
  {
    "Id": 451,
    "Name": "Lochaber-Partie-Ouest"
  },
  {
    "Id": 452,
    "Name": "Longue-Pointe-de-Mingan"
  },
  {
    "Id": 453,
    "Name": "Longue-Rive"
  },
  {
    "Id": 454,
    "Name": "Longueuil"
  },
  {
    "Id": 455,
    "Name": "Lorraine"
  },
  {
    "Id": 456,
    "Name": "Lorrainville"
  },
  {
    "Id": 457,
    "Name": "Lotbinière"
  },
  {
    "Id": 458,
    "Name": "Louiseville"
  },
  {
    "Id": 459,
    "Name": "Low"
  },
  {
    "Id": 460,
    "Name": "Lyster"
  },
  {
    "Id": 461,
    "Name": "Macamic"
  },
  {
    "Id": 462,
    "Name": "Maddington Falls"
  },
  {
    "Id": 463,
    "Name": "Magog"
  },
  {
    "Id": 464,
    "Name": "Malartic"
  },
  {
    "Id": 465,
    "Name": "Maliotenam"
  },
  {
    "Id": 466,
    "Name": "Manawan"
  },
  {
    "Id": 467,
    "Name": "Mandeville"
  },
  {
    "Id": 468,
    "Name": "Maniwaki"
  },
  {
    "Id": 469,
    "Name": "Manseau"
  },
  {
    "Id": 470,
    "Name": "Mansfield-et-Pontefract"
  },
  {
    "Id": 471,
    "Name": "Maria"
  },
  {
    "Id": 472,
    "Name": "Maricourt"
  },
  {
    "Id": 473,
    "Name": "Marieville"
  },
  {
    "Id": 474,
    "Name": "Marsoui"
  },
  {
    "Id": 475,
    "Name": "Marston"
  },
  {
    "Id": 476,
    "Name": "Martinville"
  },
  {
    "Id": 477,
    "Name": "Mascouche"
  },
  {
    "Id": 478,
    "Name": "Mashteuiatsh"
  },
  {
    "Id": 479,
    "Name": "Maskinongé"
  },
  {
    "Id": 480,
    "Name": "Massueville"
  },
  {
    "Id": 481,
    "Name": "Matagami"
  },
  {
    "Id": 482,
    "Name": "Matane"
  },
  {
    "Id": 483,
    "Name": "Matapédia"
  },
  {
    "Id": 484,
    "Name": "Matchi-Manitou"
  },
  {
    "Id": 485,
    "Name": "Matimekosh"
  },
  {
    "Id": 486,
    "Name": "Mayo"
  },
  {
    "Id": 487,
    "Name": "McMasterville"
  },
  {
    "Id": 488,
    "Name": "Melbourne"
  },
  {
    "Id": 489,
    "Name": "Mercier"
  },
  {
    "Id": 490,
    "Name": "Messines"
  },
  {
    "Id": 491,
    "Name": "Métabetchouan–Lac-à-la-Croix"
  },
  {
    "Id": 492,
    "Name": "Métis-sur-Mer"
  },
  {
    "Id": 493,
    "Name": "Milan"
  },
  {
    "Id": 494,
    "Name": "Mille-Isles"
  },
  {
    "Id": 495,
    "Name": "Mingan"
  },
  {
    "Id": 496,
    "Name": "Mirabel"
  },
  {
    "Id": 497,
    "Name": "Mistissini"
  },
  {
    "Id": 498,
    "Name": "Mistissini"
  },
  {
    "Id": 499,
    "Name": "Moffet"
  },
  {
    "Id": 500,
    "Name": "Mont-Albert"
  },
  {
    "Id": 501,
    "Name": "Mont-Alexandre"
  },
  {
    "Id": 502,
    "Name": "Mont-Apica"
  },
  {
    "Id": 503,
    "Name": "Mont-Blanc"
  },
  {
    "Id": 504,
    "Name": "Mont-Carmel"
  },
  {
    "Id": 505,
    "Name": "Mont-Élie"
  },
  {
    "Id": 506,
    "Name": "Mont-Joli"
  },
  {
    "Id": 507,
    "Name": "Mont-Laurier"
  },
  {
    "Id": 508,
    "Name": "Mont-Royal"
  },
  {
    "Id": 509,
    "Name": "Mont-Saint-Grégoire"
  },
  {
    "Id": 510,
    "Name": "Mont-Saint-Hilaire"
  },
  {
    "Id": 511,
    "Name": "Mont-Saint-Michel"
  },
  {
    "Id": 512,
    "Name": "Mont-Saint-Pierre"
  },
  {
    "Id": 513,
    "Name": "Mont-Tremblant"
  },
  {
    "Id": 514,
    "Name": "Mont-Valin"
  },
  {
    "Id": 515,
    "Name": "Montcalm"
  },
  {
    "Id": 516,
    "Name": "Montcerf-Lytton"
  },
  {
    "Id": 517,
    "Name": "Montebello"
  },
  {
    "Id": 518,
    "Name": "Montmagny"
  },
  {
    "Id": 519,
    "Name": "Montpellier"
  },
  {
    "Id": 520,
    "Name": "Montréal"
  },
  {
    "Id": 521,
    "Name": "Montréal-Est"
  },
  {
    "Id": 522,
    "Name": "Montréal-Ouest"
  },
  {
    "Id": 523,
    "Name": "Morin-Heights"
  },
  {
    "Id": 524,
    "Name": "Mulgrave-et-Derry"
  },
  {
    "Id": 525,
    "Name": "Murdochville"
  },
  {
    "Id": 526,
    "Name": "Namur"
  },
  {
    "Id": 527,
    "Name": "Nantes"
  },
  {
    "Id": 528,
    "Name": "Napierville"
  },
  {
    "Id": 529,
    "Name": "Natashquan"
  },
  {
    "Id": 530,
    "Name": "Natashquan"
  },
  {
    "Id": 531,
    "Name": "Nédélec"
  },
  {
    "Id": 532,
    "Name": "Nemaska"
  },
  {
    "Id": 533,
    "Name": "Nemaska"
  },
  {
    "Id": 534,
    "Name": "Neuville"
  },
  {
    "Id": 535,
    "Name": "New Carlisle"
  },
  {
    "Id": 536,
    "Name": "New Richmond"
  },
  {
    "Id": 537,
    "Name": "Newport"
  },
  {
    "Id": 538,
    "Name": "Nicolet"
  },
  {
    "Id": 539,
    "Name": "Nominingue"
  },
  {
    "Id": 540,
    "Name": "Normandin"
  },
  {
    "Id": 541,
    "Name": "Normétal"
  },
  {
    "Id": 542,
    "Name": "North Hatley"
  },
  {
    "Id": 543,
    "Name": "Notre-Dame-Auxiliatrice-de-Buckland"
  },
  {
    "Id": 544,
    "Name": "Notre-Dame-de-Bonsecours"
  },
  {
    "Id": 545,
    "Name": "Notre-Dame-de-Ham"
  },
  {
    "Id": 546,
    "Name": "Notre-Dame-de-l'Île-Perrot"
  },
  {
    "Id": 547,
    "Name": "Notre-Dame-de-la-Merci"
  },
  {
    "Id": 548,
    "Name": "Notre-Dame-de-la-Paix"
  },
  {
    "Id": 549,
    "Name": "Notre-Dame-de-la-Salette"
  },
  {
    "Id": 550,
    "Name": "Notre-Dame-de-Lorette"
  },
  {
    "Id": 551,
    "Name": "Notre-Dame-de-Lourdes"
  },
  {
    "Id": 552,
    "Name": "Notre-Dame-de-Lourdes"
  },
  {
    "Id": 553,
    "Name": "Notre-Dame-de-Montauban"
  },
  {
    "Id": 554,
    "Name": "Notre-Dame-de-Pontmain"
  },
  {
    "Id": 555,
    "Name": "Notre-Dame-de-Stanbridge"
  },
  {
    "Id": 556,
    "Name": "Notre-Dame-des-Anges"
  },
  {
    "Id": 557,
    "Name": "Notre-Dame-des-Bois"
  },
  {
    "Id": 558,
    "Name": "Notre-Dame-des-Monts"
  },
  {
    "Id": 559,
    "Name": "Notre-Dame-des-Neiges"
  },
  {
    "Id": 560,
    "Name": "Notre-Dame-des-Pins"
  },
  {
    "Id": 561,
    "Name": "Notre-Dame-des-Prairies"
  },
  {
    "Id": 562,
    "Name": "Notre-Dame-des-Sept-Douleurs"
  },
  {
    "Id": 563,
    "Name": "Notre-Dame-du-Bon-Conseil"
  },
  {
    "Id": 564,
    "Name": "Notre-Dame-du-Bon-Conseil"
  },
  {
    "Id": 565,
    "Name": "Notre-Dame-du-Laus"
  },
  {
    "Id": 566,
    "Name": "Notre-Dame-du-Mont-Carmel"
  },
  {
    "Id": 567,
    "Name": "Notre-Dame-du-Nord"
  },
  {
    "Id": 568,
    "Name": "Notre-Dame-du-Portage"
  },
  {
    "Id": 569,
    "Name": "Notre-Dame-du-Rosaire"
  },
  {
    "Id": 570,
    "Name": "Notre-Dame-du-Sacré-Cœur-d'Issoudun"
  },
  {
    "Id": 571,
    "Name": "Nouvelle"
  },
  {
    "Id": 572,
    "Name": "Noyan"
  },
  {
    "Id": 573,
    "Name": "Obedjiwan"
  },
  {
    "Id": 574,
    "Name": "Odanak"
  },
  {
    "Id": 575,
    "Name": "Ogden"
  },
  {
    "Id": 576,
    "Name": "Oka"
  },
  {
    "Id": 577,
    "Name": "Orford"
  },
  {
    "Id": 578,
    "Name": "OrmsName"
  },
  {
    "Id": 579,
    "Name": "Otter Lake"
  },
  {
    "Id": 580,
    "Name": "Otterburn Park"
  },
  {
    "Id": 581,
    "Name": "Oujé-Bougoumou"
  },
  {
    "Id": 582,
    "Name": "Oujé-Bougoumou"
  },
  {
    "Id": 583,
    "Name": "Packington"
  },
  {
    "Id": 584,
    "Name": "Padoue"
  },
  {
    "Id": 585,
    "Name": "Palmarolle"
  },
  {
    "Id": 586,
    "Name": "Papineauville"
  },
  {
    "Id": 587,
    "Name": "Parisville"
  },
  {
    "Id": 588,
    "Name": "Paspébiac"
  },
  {
    "Id": 589,
    "Name": "Passes-Dangereuses"
  },
  {
    "Id": 590,
    "Name": "Percé"
  },
  {
    "Id": 591,
    "Name": "Péribonka"
  },
  {
    "Id": 592,
    "Name": "Pessamit"
  },
  {
    "Id": 593,
    "Name": "Petit-Lac-Sainte-Anne"
  },
  {
    "Id": 594,
    "Name": "Petit-Mécatina"
  },
  {
    "Id": 595,
    "Name": "Petit-Saguenay"
  },
  {
    "Id": 596,
    "Name": "Petite-Rivière-Saint-François"
  },
  {
    "Id": 597,
    "Name": "Petite-Vallée"
  },
  {
    "Id": 598,
    "Name": "Picard"
  },
  {
    "Id": 599,
    "Name": "Piedmont"
  },
  {
    "Id": 600,
    "Name": "Pierreville"
  },
  {
    "Id": 601,
    "Name": "Pike River"
  },
  {
    "Id": 602,
    "Name": "Pikogan"
  },
  {
    "Id": 603,
    "Name": "Pincourt"
  },
  {
    "Id": 604,
    "Name": "Piopolis"
  },
  {
    "Id": 605,
    "Name": "Plaisance"
  },
  {
    "Id": 606,
    "Name": "Plessisville"
  },
  {
    "Id": 607,
    "Name": "Pohénégamook"
  },
  {
    "Id": 608,
    "Name": "Pointe-à-la-Croix"
  },
  {
    "Id": 609,
    "Name": "Pointe-aux-Outardes"
  },
  {
    "Id": 610,
    "Name": "Pointe-Calumet"
  },
  {
    "Id": 611,
    "Name": "Pointe-Claire"
  },
  {
    "Id": 612,
    "Name": "Pointe-des-Cascades"
  },
  {
    "Id": 613,
    "Name": "Pointe-Fortune"
  },
  {
    "Id": 614,
    "Name": "Pointe-Lebel"
  },
  {
    "Id": 615,
    "Name": "Pont-Rouge"
  },
  {
    "Id": 616,
    "Name": "Pontiac"
  },
  {
    "Id": 617,
    "Name": "Port-Cartier"
  },
  {
    "Id": 618,
    "Name": "Port-Daniel–Gascons"
  },
  {
    "Id": 619,
    "Name": "Portage-du-Fort"
  },
  {
    "Id": 620,
    "Name": "Portneuf"
  },
  {
    "Id": 621,
    "Name": "Portneuf-sur-Mer"
  },
  {
    "Id": 622,
    "Name": "Potton"
  },
  {
    "Id": 623,
    "Name": "Poularies"
  },
  {
    "Id": 624,
    "Name": "Preissac"
  },
  {
    "Id": 625,
    "Name": "Prévost"
  },
  {
    "Id": 626,
    "Name": "Price"
  },
  {
    "Id": 627,
    "Name": "Princeville"
  },
  {
    "Id": 628,
    "Name": "Puvirnituq"
  },
  {
    "Id": 629,
    "Name": "Quaqtaq"
  },
  {
    "Id": 630,
    "Name": "Quaqtaq"
  },
  {
    "Id": 631,
    "Name": "Québec"
  },
  {
    "Id": 632,
    "Name": "Racine"
  },
  {
    "Id": 633,
    "Name": "Ragueneau"
  },
  {
    "Id": 634,
    "Name": "Rapide-Danseur"
  },
  {
    "Id": 635,
    "Name": "Rapides-des-Joachims"
  },
  {
    "Id": 636,
    "Name": "Rawdon"
  },
  {
    "Id": 637,
    "Name": "Rémigny"
  },
  {
    "Id": 638,
    "Name": "Repentigny"
  },
  {
    "Id": 639,
    "Name": "Réservoir-Dozois"
  },
  {
    "Id": 640,
    "Name": "Richelieu"
  },
  {
    "Id": 641,
    "Name": "Richmond"
  },
  {
    "Id": 642,
    "Name": "Rigaud"
  },
  {
    "Id": 643,
    "Name": "Rimouski"
  },
  {
    "Id": 644,
    "Name": "Ripon"
  },
  {
    "Id": 645,
    "Name": "Ristigouche-Sud-Est"
  },
  {
    "Id": 646,
    "Name": "Rivière-à-Claude"
  },
  {
    "Id": 647,
    "Name": "Rivière-à-Pierre"
  },
  {
    "Id": 648,
    "Name": "Rivière-au-Tonnerre"
  },
  {
    "Id": 649,
    "Name": "Rivière-aux-Outardes"
  },
  {
    "Id": 650,
    "Name": "Rivière-Beaudette"
  },
  {
    "Id": 651,
    "Name": "Rivière-Bleue"
  },
  {
    "Id": 652,
    "Name": "Rivière-Bonaventure"
  },
  {
    "Id": 653,
    "Name": "Rivière-Bonjour"
  },
  {
    "Id": 654,
    "Name": "Rivière-de-la-Savane"
  },
  {
    "Id": 655,
    "Name": "Rivière-du-Loup"
  },
  {
    "Id": 656,
    "Name": "Rivière-Éternité"
  },
  {
    "Id": 657,
    "Name": "Rivière-Héva"
  },
  {
    "Id": 658,
    "Name": "Rivière-Koksoak"
  },
  {
    "Id": 659,
    "Name": "Rivière-Mistassini"
  },
  {
    "Id": 660,
    "Name": "Rivière-Mouchalagane"
  },
  {
    "Id": 661,
    "Name": "Rivière-Nipissis"
  },
  {
    "Id": 662,
    "Name": "Rivière-Nouvelle"
  },
  {
    "Id": 663,
    "Name": "Rivière-Ojima"
  },
  {
    "Id": 664,
    "Name": "Rivière-Ouelle"
  },
  {
    "Id": 665,
    "Name": "Rivière-Patapédia-Est"
  },
  {
    "Id": 666,
    "Name": "Rivière-Rouge"
  },
  {
    "Id": 667,
    "Name": "Rivière-Saint-Jean"
  },
  {
    "Id": 668,
    "Name": "Rivière-Saint-Jean"
  },
  {
    "Id": 669,
    "Name": "Rivière-Vaseuse"
  },
  {
    "Id": 670,
    "Name": "Roberval"
  },
  {
    "Id": 671,
    "Name": "Roquemaure"
  },
  {
    "Id": 672,
    "Name": "Rosemère"
  },
  {
    "Id": 673,
    "Name": "Rougemont"
  },
  {
    "Id": 674,
    "Name": "Routhierville"
  },
  {
    "Id": 675,
    "Name": "Rouyn-Noranda"
  },
  {
    "Id": 676,
    "Name": "Roxton"
  },
  {
    "Id": 677,
    "Name": "Roxton Falls"
  },
  {
    "Id": 678,
    "Name": "Roxton Pond"
  },
  {
    "Id": 679,
    "Name": "Ruisseau-des-Mineurs"
  },
  {
    "Id": 680,
    "Name": "Ruisseau-Ferguson"
  },
  {
    "Id": 681,
    "Name": "Sacré-Cœur"
  },
  {
    "Id": 682,
    "Name": "Sacré-Cœur-de-Jésus"
  },
  {
    "Id": 683,
    "Name": "Sagard"
  },
  {
    "Id": 684,
    "Name": "Saguenay"
  },
  {
    "Id": 685,
    "Name": "Saint-Adalbert"
  },
  {
    "Id": 686,
    "Name": "Saint-Adelme"
  },
  {
    "Id": 687,
    "Name": "Saint-Adelphe"
  },
  {
    "Id": 688,
    "Name": "Saint-Adolphe-d'Howard"
  },
  {
    "Id": 689,
    "Name": "Saint-Adrien"
  },
  {
    "Id": 690,
    "Name": "Saint-Adrien-d'Irlande"
  },
  {
    "Id": 691,
    "Name": "Saint-Agapit"
  },
  {
    "Id": 692,
    "Name": "Saint-Aimé"
  },
  {
    "Id": 693,
    "Name": "Saint-Aimé-des-Lacs"
  },
  {
    "Id": 694,
    "Name": "Saint-Aimé-du-Lac-des-Îles"
  },
  {
    "Id": 695,
    "Name": "Saint-Alban"
  },
  {
    "Id": 696,
    "Name": "Saint-Albert"
  },
  {
    "Id": 697,
    "Name": "Saint-Alexandre"
  },
  {
    "Id": 698,
    "Name": "Saint-Alexandre-de-Kamouraska"
  },
  {
    "Id": 699,
    "Name": "Saint-Alexandre-des-Lacs"
  },
  {
    "Id": 700,
    "Name": "Saint-Alexis"
  },
  {
    "Id": 701,
    "Name": "Saint-Alexis-de-Matapédia"
  },
  {
    "Id": 702,
    "Name": "Saint-Alexis-des-Monts"
  },
  {
    "Id": 703,
    "Name": "Saint-Alfred"
  },
  {
    "Id": 704,
    "Name": "Saint-Alphonse"
  },
  {
    "Id": 705,
    "Name": "Saint-Alphonse-de-Granby"
  },
  {
    "Id": 706,
    "Name": "Saint-Alphonse-Rodriguez"
  },
  {
    "Id": 707,
    "Name": "Saint-Amable"
  },
  {
    "Id": 708,
    "Name": "Saint-Ambroise"
  },
  {
    "Id": 709,
    "Name": "Saint-Ambroise-de-Kildare"
  },
  {
    "Id": 710,
    "Name": "Saint-Anaclet-de-Lessard"
  },
  {
    "Id": 711,
    "Name": "Saint-André-Avellin"
  },
  {
    "Id": 712,
    "Name": "Saint-André-d'Argenteuil"
  },
  {
    "Id": 713,
    "Name": "Saint-André-de-Kamouraska"
  },
  {
    "Id": 714,
    "Name": "Saint-André-de-Restigouche"
  },
  {
    "Id": 715,
    "Name": "Saint-André-du-Lac-Saint-Jean"
  },
  {
    "Id": 716,
    "Name": "Saint-Anicet"
  },
  {
    "Id": 717,
    "Name": "Saint-Anselme"
  },
  {
    "Id": 718,
    "Name": "Saint-Antoine-de-l'Isle-aux-Grues"
  },
  {
    "Id": 719,
    "Name": "Saint-Antoine-de-Tilly"
  },
  {
    "Id": 720,
    "Name": "Saint-Antoine-sur-Richelieu"
  },
  {
    "Id": 721,
    "Name": "Saint-Antonin"
  },
  {
    "Id": 722,
    "Name": "Saint-Apollinaire"
  },
  {
    "Id": 723,
    "Name": "Saint-Armand"
  },
  {
    "Id": 724,
    "Name": "Saint-Arsène"
  },
  {
    "Id": 725,
    "Name": "Saint-Athanase"
  },
  {
    "Id": 726,
    "Name": "Saint-Aubert"
  },
  {
    "Id": 727,
    "Name": "Saint-Augustin"
  },
  {
    "Id": 728,
    "Name": "Saint-Augustin"
  },
  {
    "Id": 729,
    "Name": "Saint-Augustin-de-Desmaures"
  },
  {
    "Id": 730,
    "Name": "Saint-Augustin-de-Woburn"
  },
  {
    "Id": 731,
    "Name": "Saint-Barnabé"
  },
  {
    "Id": 732,
    "Name": "Saint-Barnabé-Sud"
  },
  {
    "Id": 733,
    "Name": "Saint-Barthélemy"
  },
  {
    "Id": 734,
    "Name": "Saint-Basile"
  },
  {
    "Id": 735,
    "Name": "Saint-Basile-le-Grand"
  },
  {
    "Id": 736,
    "Name": "Saint-Benjamin"
  },
  {
    "Id": 737,
    "Name": "Saint-Benoît-du-Lac"
  },
  {
    "Id": 738,
    "Name": "Saint-Benoît-Labre"
  },
  {
    "Id": 739,
    "Name": "Saint-Bernard"
  },
  {
    "Id": 740,
    "Name": "Saint-Bernard-de-Lacolle"
  },
  {
    "Id": 741,
    "Name": "Saint-Bernard-de-Michaudville"
  },
  {
    "Id": 742,
    "Name": "Saint-Blaise-sur-Richelieu"
  },
  {
    "Id": 743,
    "Name": "Saint-Bonaventure"
  },
  {
    "Id": 744,
    "Name": "Saint-Boniface"
  },
  {
    "Id": 745,
    "Name": "Saint-Bruno-de-Guigues"
  },
  {
    "Id": 746,
    "Name": "Saint-Bruno-de-Kamouraska"
  },
  {
    "Id": 747,
    "Name": "Saint-Bruno-de-Montarville"
  },
  {
    "Id": 748,
    "Name": "Saint-Calixte"
  },
  {
    "Id": 749,
    "Name": "Saint-Camille"
  },
  {
    "Id": 750,
    "Name": "Saint-Camille-de-Lellis"
  },
  {
    "Id": 751,
    "Name": "Saint-Casimir"
  },
  {
    "Id": 752,
    "Name": "Saint-Célestin"
  },
  {
    "Id": 753,
    "Name": "Saint-Célestin"
  },
  {
    "Id": 754,
    "Name": "Saint-Césaire"
  },
  {
    "Id": 755,
    "Name": "Saint-Charles-Borromée"
  },
  {
    "Id": 756,
    "Name": "Saint-Charles-de-Bellechasse"
  },
  {
    "Id": 757,
    "Name": "Saint-Charles-de-Bourget"
  },
  {
    "Id": 758,
    "Name": "Saint-Charles-Garnier"
  },
  {
    "Id": 759,
    "Name": "Saint-Charles-sur-Richelieu"
  },
  {
    "Id": 760,
    "Name": "Saint-Christophe-d'Arthabaska"
  },
  {
    "Id": 761,
    "Name": "Saint-Chrysostome"
  },
  {
    "Id": 762,
    "Name": "Saint-Claude"
  },
  {
    "Id": 763,
    "Name": "Saint-Clément"
  },
  {
    "Id": 764,
    "Name": "Saint-Cléophas"
  },
  {
    "Id": 765,
    "Name": "Saint-Cléophas-de-Brandon"
  },
  {
    "Id": 766,
    "Name": "Saint-Clet"
  },
  {
    "Id": 767,
    "Name": "Saint-Colomban"
  },
  {
    "Id": 768,
    "Name": "Saint-Côme"
  },
  {
    "Id": 769,
    "Name": "Saint-Côme–Linière"
  },
  {
    "Id": 770,
    "Name": "Saint-Constant"
  },
  {
    "Id": 771,
    "Name": "Saint-Cuthbert"
  },
  {
    "Id": 772,
    "Name": "Saint-Cyprien"
  },
  {
    "Id": 773,
    "Name": "Saint-Cyprien"
  },
  {
    "Id": 774,
    "Name": "Saint-Cyprien-de-Napierville"
  },
  {
    "Id": 775,
    "Name": "Saint-Cyrille-de-Lessard"
  },
  {
    "Id": 776,
    "Name": "Saint-Cyrille-de-Wendover"
  },
  {
    "Id": 777,
    "Name": "Saint-Damase"
  },
  {
    "Id": 778,
    "Name": "Saint-Damase"
  },
  {
    "Id": 779,
    "Name": "Saint-Damase-de-L'Islet"
  },
  {
    "Id": 780,
    "Name": "Saint-Damien"
  },
  {
    "Id": 781,
    "Name": "Saint-Damien-de-Buckland"
  },
  {
    "Id": 782,
    "Name": "Saint-David"
  },
  {
    "Id": 783,
    "Name": "Saint-Davde-Falardeau"
  },
  {
    "Id": 784,
    "Name": "Saint-Denis-De La Bouteillerie"
  },
  {
    "Id": 785,
    "Name": "Saint-Denis-de-Brompton"
  },
  {
    "Id": 786,
    "Name": "Saint-Denis-sur-Richelieu"
  },
  {
    "Id": 787,
    "Name": "Saint-Didace"
  },
  {
    "Id": 788,
    "Name": "Saint-Dominique"
  },
  {
    "Id": 789,
    "Name": "Saint-Dominique-du-Rosaire"
  },
  {
    "Id": 790,
    "Name": "Saint-Donat"
  },
  {
    "Id": 791,
    "Name": "Saint-Donat"
  },
  {
    "Id": 792,
    "Name": "Saint-Edmond-de-Grantham"
  },
  {
    "Id": 793,
    "Name": "Saint-Edmond-les-Plaines"
  },
  {
    "Id": 794,
    "Name": "Saint-Édouard"
  },
  {
    "Id": 795,
    "Name": "Saint-Édouard-de-Fabre"
  },
  {
    "Id": 796,
    "Name": "Saint-Édouard-de-Lotbinière"
  },
  {
    "Id": 797,
    "Name": "Saint-Édouard-de-Maskinongé"
  },
  {
    "Id": 798,
    "Name": "Saint-Élie-de-Caxton"
  },
  {
    "Id": 799,
    "Name": "Saint-Éloi"
  },
  {
    "Id": 800,
    "Name": "Saint-Elphège"
  },
  {
    "Id": 801,
    "Name": "Saint-Elzéar"
  },
  {
    "Id": 802,
    "Name": "Saint-Elzéar"
  },
  {
    "Id": 803,
    "Name": "Saint-Elzéar-de-Témiscouata"
  },
  {
    "Id": 804,
    "Name": "Saint-Émile-de-Suffolk"
  },
  {
    "Id": 805,
    "Name": "Saint-Éphrem-de-Beauce"
  },
  {
    "Id": 806,
    "Name": "Saint-Épiphane"
  },
  {
    "Id": 807,
    "Name": "Saint-Esprit"
  },
  {
    "Id": 808,
    "Name": "Saint-Étienne-de-Beauharnois"
  },
  {
    "Id": 809,
    "Name": "Saint-Étienne-de-Bolton"
  },
  {
    "Id": 810,
    "Name": "Saint-Étienne-des-Grès"
  },
  {
    "Id": 811,
    "Name": "Saint-Eugène"
  },
  {
    "Id": 812,
    "Name": "Saint-Eugène-d'Argentenay"
  },
  {
    "Id": 813,
    "Name": "Saint-Eugène-de-Guigues"
  },
  {
    "Id": 814,
    "Name": "Saint-Eugène-de-Ladrière"
  },
  {
    "Id": 815,
    "Name": "Saint-Eusèbe"
  },
  {
    "Id": 816,
    "Name": "Saint-Eustache"
  },
  {
    "Id": 817,
    "Name": "Saint-Fabien"
  },
  {
    "Id": 818,
    "Name": "Saint-Fabien-de-Panet"
  },
  {
    "Id": 819,
    "Name": "Saint-Félicien"
  },
  {
    "Id": 820,
    "Name": "Saint-Félix-d'Otis"
  },
  {
    "Id": 821,
    "Name": "Saint-Félix-de-Kingsey"
  },
  {
    "Id": 822,
    "Name": "Saint-Félix-de-Valois"
  },
  {
    "Id": 823,
    "Name": "Saint-Ferdinand"
  },
  {
    "Id": 824,
    "Name": "Saint-Ferréol-les-Neiges"
  },
  {
    "Id": 825,
    "Name": "Saint-Flavien"
  },
  {
    "Id": 826,
    "Name": "Saint-Fortunat"
  },
  {
    "Id": 827,
    "Name": "Saint-François-d'Assise"
  },
  {
    "Id": 828,
    "Name": "Saint-François-de-l'Île-d'Orléans"
  },
  {
    "Id": 829,
    "Name": "Saint-François-de-la-Rivière-du-Sud"
  },
  {
    "Id": 830,
    "Name": "Saint-François-de-Sales"
  },
  {
    "Id": 831,
    "Name": "Saint-François-du-Lac"
  },
  {
    "Id": 832,
    "Name": "Saint-François-Xavier-de-Brompton"
  },
  {
    "Id": 833,
    "Name": "Saint-François-Xavier-de-Viger"
  },
  {
    "Id": 834,
    "Name": "Saint-Frédéric"
  },
  {
    "Id": 835,
    "Name": "Saint-Fulgence"
  },
  {
    "Id": 836,
    "Name": "Saint-Gabriel"
  },
  {
    "Id": 837,
    "Name": "Saint-Gabriel-de-Brandon"
  },
  {
    "Id": 838,
    "Name": "Saint-Gabriel-de-Rimouski"
  },
  {
    "Id": 839,
    "Name": "Saint-Gabriel-de-Valcartier"
  },
  {
    "Id": 840,
    "Name": "Saint-Gabriel-Lalemant"
  },
  {
    "Id": 841,
    "Name": "Saint-Gédéon"
  },
  {
    "Id": 842,
    "Name": "Saint-Gédéon-de-Beauce"
  },
  {
    "Id": 843,
    "Name": "Saint-Georges"
  },
  {
    "Id": 844,
    "Name": "Saint-Georges-de-Windsor"
  },
  {
    "Id": 845,
    "Name": "Saint-Gérard-Majella"
  },
  {
    "Id": 846,
    "Name": "Saint-Germain-de-Grantham"
  },
  {
    "Id": 847,
    "Name": "Saint-Germain-de-Kamouraska"
  },
  {
    "Id": 848,
    "Name": "Saint-Gervais"
  },
  {
    "Id": 849,
    "Name": "Saint-Gilbert"
  },
  {
    "Id": 850,
    "Name": "Saint-Gilles"
  },
  {
    "Id": 851,
    "Name": "Saint-Godefroi"
  },
  {
    "Id": 852,
    "Name": "Saint-Guillaume"
  },
  {
    "Id": 853,
    "Name": "Saint-Guillaume-Nord"
  },
  {
    "Id": 854,
    "Name": "Saint-Henri"
  },
  {
    "Id": 855,
    "Name": "Saint-Henri-de-Taillon"
  },
  {
    "Id": 856,
    "Name": "Saint-Herménégilde"
  },
  {
    "Id": 857,
    "Name": "Saint-Hilaire-de-Dorset"
  },
  {
    "Id": 858,
    "Name": "Saint-Hilarion"
  },
  {
    "Id": 859,
    "Name": "Saint-Hippolyte"
  },
  {
    "Id": 860,
    "Name": "Saint-Honoré"
  },
  {
    "Id": 861,
    "Name": "Saint-Honoré-de-Shenley"
  },
  {
    "Id": 862,
    "Name": "Saint-Honoré-de-Témiscouata"
  },
  {
    "Id": 863,
    "Name": "Saint-Hubert-de-Rivière-du-Loup"
  },
  {
    "Id": 864,
    "Name": "Saint-Hugues"
  },
  {
    "Id": 865,
    "Name": "Saint-Hyacinthe"
  },
  {
    "Id": 866,
    "Name": "Saint-Ignace-de-Loyola"
  },
  {
    "Id": 867,
    "Name": "Saint-Ignace-de-Stanbridge"
  },
  {
    "Id": 868,
    "Name": "Saint-Irénée"
  },
  {
    "Id": 869,
    "Name": "Saint-Isidore"
  },
  {
    "Id": 870,
    "Name": "Saint-Isidore"
  },
  {
    "Id": 871,
    "Name": "Saint-Isidore-de-Clifton"
  },
  {
    "Id": 872,
    "Name": "Saint-Jacques"
  },
  {
    "Id": 873,
    "Name": "Saint-Jacques-de-Leeds"
  },
  {
    "Id": 874,
    "Name": "Saint-Jacques-le-Majeur-de-WolfesName"
  },
  {
    "Id": 875,
    "Name": "Saint-Jacques-le-Mineur"
  },
  {
    "Id": 876,
    "Name": "Saint-Janvier-de-Joly"
  },
  {
    "Id": 877,
    "Name": "Saint-Jean-Baptiste"
  },
  {
    "Id": 878,
    "Name": "Saint-Jean-de-Brébeuf"
  },
  {
    "Id": 879,
    "Name": "Saint-Jean-de-Cherbourg"
  },
  {
    "Id": 880,
    "Name": "Saint-Jean-de-Dieu"
  },
  {
    "Id": 881,
    "Name": "Saint-Jean-de-l'Île-d'Orléans"
  },
  {
    "Id": 882,
    "Name": "Saint-Jean-de-la-Lande"
  },
  {
    "Id": 883,
    "Name": "Saint-Jean-de-Matha"
  },
  {
    "Id": 884,
    "Name": "Saint-Jean-Port-Joli"
  },
  {
    "Id": 885,
    "Name": "Saint-Jean-sur-Richelieu"
  },
  {
    "Id": 886,
    "Name": "Saint-Jérôme"
  },
  {
    "Id": 887,
    "Name": "Saint-Joachim"
  },
  {
    "Id": 888,
    "Name": "Saint-Joachim-de-Shefford"
  },
  {
    "Id": 889,
    "Name": "Saint-Joseph-de-Beauce"
  },
  {
    "Id": 890,
    "Name": "Saint-Joseph-de-Coleraine"
  },
  {
    "Id": 891,
    "Name": "Saint-Joseph-de-Kamouraska"
  },
  {
    "Id": 892,
    "Name": "Saint-Joseph-de-Lepage"
  },
  {
    "Id": 893,
    "Name": "Saint-Joseph-de-Sorel"
  },
  {
    "Id": 894,
    "Name": "Saint-Joseph-des-Érables"
  },
  {
    "Id": 895,
    "Name": "Saint-Joseph-du-Lac"
  },
  {
    "Id": 896,
    "Name": "Saint-Jude"
  },
  {
    "Id": 897,
    "Name": "Saint-Jules"
  },
  {
    "Id": 898,
    "Name": "Saint-Julien"
  },
  {
    "Id": 899,
    "Name": "Saint-Just-de-Bretenières"
  },
  {
    "Id": 900,
    "Name": "Saint-Juste-du-Lac"
  },
  {
    "Id": 901,
    "Name": "Saint-Justin"
  },
  {
    "Id": 902,
    "Name": "Saint-Lambert"
  },
  {
    "Id": 903,
    "Name": "Saint-Lambert"
  },
  {
    "Id": 904,
    "Name": "Saint-Lambert-de-Lauzon"
  },
  {
    "Id": 905,
    "Name": "Saint-Laurent-de-l'Île-d'Orléans"
  },
  {
    "Id": 906,
    "Name": "Saint-Lazare"
  },
  {
    "Id": 907,
    "Name": "Saint-Lazare-de-Bellechasse"
  },
  {
    "Id": 908,
    "Name": "Saint-Léandre"
  },
  {
    "Id": 909,
    "Name": "Saint-Léon-de-Standon"
  },
  {
    "Id": 910,
    "Name": "Saint-Léon-le-Grand"
  },
  {
    "Id": 911,
    "Name": "Saint-Léon-le-Grand"
  },
  {
    "Id": 912,
    "Name": "Saint-Léonard-d'Aston"
  },
  {
    "Id": 913,
    "Name": "Saint-Léonard-de-Portneuf"
  },
  {
    "Id": 914,
    "Name": "Saint-Liboire"
  },
  {
    "Id": 915,
    "Name": "Saint-Liguori"
  },
  {
    "Id": 916,
    "Name": "Saint-Lin–Laurentides"
  },
  {
    "Id": 917,
    "Name": "Saint-Louis"
  },
  {
    "Id": 918,
    "Name": "Saint-Louis-de-Blandford"
  },
  {
    "Id": 919,
    "Name": "Saint-Louis-de-Gonzague"
  },
  {
    "Id": 920,
    "Name": "Saint-Louis-de-Gonzague"
  },
  {
    "Id": 921,
    "Name": "Saint-Louis-de-Gonzague-du-Cap-Tourmente"
  },
  {
    "Id": 922,
    "Name": "Saint-Louis-du-Ha! Ha!"
  },
  {
    "Id": 923,
    "Name": "Saint-Luc-de-Bellechasse"
  },
  {
    "Id": 924,
    "Name": "Saint-Luc-de-Vincennes"
  },
  {
    "Id": 925,
    "Name": "Saint-Lucien"
  },
  {
    "Id": 926,
    "Name": "Saint-Ludger"
  },
  {
    "Id": 927,
    "Name": "Saint-Ludger-de-Milot"
  },
  {
    "Id": 928,
    "Name": "Saint-Magloire"
  },
  {
    "Id": 929,
    "Name": "Saint-Majorique-de-Grantham"
  },
  {
    "Id": 930,
    "Name": "Saint-Malachie"
  },
  {
    "Id": 931,
    "Name": "Saint-Malo"
  },
  {
    "Id": 932,
    "Name": "Saint-Marc-de-Figuery"
  },
  {
    "Id": 933,
    "Name": "Saint-Marc-des-Carrières"
  },
  {
    "Id": 934,
    "Name": "Saint-Marc-du-Lac-Long"
  },
  {
    "Id": 935,
    "Name": "Saint-Marc-sur-Richelieu"
  },
  {
    "Id": 936,
    "Name": "Saint-Marcel"
  },
  {
    "Id": 937,
    "Name": "Saint-Marcel-de-Richelieu"
  },
  {
    "Id": 938,
    "Name": "Saint-Marcellin"
  },
  {
    "Id": 939,
    "Name": "Saint-Martin"
  },
  {
    "Id": 940,
    "Name": "Saint-Mathias-sur-Richelieu"
  },
  {
    "Id": 941,
    "Name": "Saint-Mathieu"
  },
  {
    "Id": 942,
    "Name": "Saint-Mathieu-d'Harricana"
  },
  {
    "Id": 943,
    "Name": "Saint-Mathieu-de-Belœil"
  },
  {
    "Id": 944,
    "Name": "Saint-Mathieu-de-Rioux"
  },
  {
    "Id": 945,
    "Name": "Saint-Mathieu-du-Parc"
  },
  {
    "Id": 946,
    "Name": "Saint-Maurice"
  },
  {
    "Id": 947,
    "Name": "Saint-Maxime-du-Mont-Louis"
  },
  {
    "Id": 948,
    "Name": "Saint-Médard"
  },
  {
    "Id": 949,
    "Name": "Saint-Michel"
  },
  {
    "Id": 950,
    "Name": "Saint-Michel-de-Bellechasse"
  },
  {
    "Id": 951,
    "Name": "Saint-Michel-des-Saints"
  },
  {
    "Id": 952,
    "Name": "Saint-Michel-du-Squatec"
  },
  {
    "Id": 953,
    "Name": "Saint-Modeste"
  },
  {
    "Id": 954,
    "Name": "Saint-Moïse"
  },
  {
    "Id": 955,
    "Name": "Saint-Narcisse"
  },
  {
    "Id": 956,
    "Name": "Saint-Narcisse-de-Beaurivage"
  },
  {
    "Id": 957,
    "Name": "Saint-Narcisse-de-Rimouski"
  },
  {
    "Id": 958,
    "Name": "Saint-Nazaire"
  },
  {
    "Id": 959,
    "Name": "Saint-Nazaire-d'Acton"
  },
  {
    "Id": 960,
    "Name": "Saint-Nazaire-de-Dorchester"
  },
  {
    "Id": 961,
    "Name": "Saint-Nérée-de-Bellechasse"
  },
  {
    "Id": 962,
    "Name": "Saint-Noël"
  },
  {
    "Id": 963,
    "Name": "Saint-Norbert"
  },
  {
    "Id": 964,
    "Name": "Saint-Norbert-d'Arthabaska"
  },
  {
    "Id": 965,
    "Name": "Saint-Octave-de-Métis"
  },
  {
    "Id": 966,
    "Name": "Saint-Odilon-de-Cranbourne"
  },
  {
    "Id": 967,
    "Name": "Saint-Omer"
  },
  {
    "Id": 968,
    "Name": "Saint-Ours"
  },
  {
    "Id": 969,
    "Name": "Saint-Pacôme"
  },
  {
    "Id": 970,
    "Name": "Saint-Pamphile"
  },
  {
    "Id": 971,
    "Name": "Saint-Pascal"
  },
  {
    "Id": 972,
    "Name": "Saint-Patrice-de-Beaurivage"
  },
  {
    "Id": 973,
    "Name": "Saint-Patrice-de-Sherrington"
  },
  {
    "Id": 974,
    "Name": "Saint-Paul"
  },
  {
    "Id": 975,
    "Name": "Saint-Paul-d'Abbotsford"
  },
  {
    "Id": 976,
    "Name": "Saint-Paul-de-l'Île-aux-Noix"
  },
  {
    "Id": 977,
    "Name": "Saint-Paul-de-la-Croix"
  },
  {
    "Id": 978,
    "Name": "Saint-Paul-de-Montminy"
  },
  {
    "Id": 979,
    "Name": "Saint-Paulin"
  },
  {
    "Id": 980,
    "Name": "Saint-Philémon"
  },
  {
    "Id": 981,
    "Name": "Saint-Philibert"
  },
  {
    "Id": 982,
    "Name": "Saint-Philippe"
  },
  {
    "Id": 983,
    "Name": "Saint-Philippe-de-Néri"
  },
  {
    "Id": 984,
    "Name": "Saint-Pie"
  },
  {
    "Id": 985,
    "Name": "Saint-Pie-de-Guire"
  },
  {
    "Id": 986,
    "Name": "Saint-Pierre"
  },
  {
    "Id": 987,
    "Name": "Saint-Pierre-Baptiste"
  },
  {
    "Id": 988,
    "Name": "Saint-Pierre-de-Broughton"
  },
  {
    "Id": 989,
    "Name": "Saint-Pierre-de-l'Île-d'Orléans"
  },
  {
    "Id": 990,
    "Name": "Saint-Pierre-de-la-Rivière-du-Sud"
  },
  {
    "Id": 991,
    "Name": "Saint-Pierre-de-Lamy"
  },
  {
    "Id": 992,
    "Name": "Saint-Pierre-les-Becquets"
  },
  {
    "Id": 993,
    "Name": "Saint-Placide"
  },
  {
    "Id": 994,
    "Name": "Saint-Polycarpe"
  },
  {
    "Id": 995,
    "Name": "Saint-Prime"
  },
  {
    "Id": 996,
    "Name": "Saint-Prosper"
  },
  {
    "Id": 997,
    "Name": "Saint-Prosper-de-Champlain"
  },
  {
    "Id": 998,
    "Name": "Saint-Raphaël"
  },
  {
    "Id": 999,
    "Name": "Saint-Raymond"
  },
  {
    "Id": 1000,
    "Name": "Saint-Rémi"
  },
  {
    "Id": 1001,
    "Name": "Saint-Rémi-de-Tingwick"
  },
  {
    "Id": 1002,
    "Name": "Saint-René"
  },
  {
    "Id": 1003,
    "Name": "Saint-René-de-Matane"
  },
  {
    "Id": 1004,
    "Name": "Saint-Robert"
  },
  {
    "Id": 1005,
    "Name": "Saint-Robert-Bellarmin"
  },
  {
    "Id": 1006,
    "Name": "Saint-Roch-de-l'Achigan"
  },
  {
    "Id": 1007,
    "Name": "Saint-Roch-de-Mékinac"
  },
  {
    "Id": 1008,
    "Name": "Saint-Roch-de-Richelieu"
  },
  {
    "Id": 1009,
    "Name": "Saint-Roch-des-Aulnaies"
  },
  {
    "Id": 1010,
    "Name": "Saint-Roch-Ouest"
  },
  {
    "Id": 1011,
    "Name": "Saint-Romain"
  },
  {
    "Id": 1012,
    "Name": "Saint-Rosaire"
  },
  {
    "Id": 1013,
    "Name": "Saint-Samuel"
  },
  {
    "Id": 1014,
    "Name": "Saint-Sauveur"
  },
  {
    "Id": 1015,
    "Name": "Saint-Sébastien"
  },
  {
    "Id": 1016,
    "Name": "Saint-Sébastien"
  },
  {
    "Id": 1017,
    "Name": "Saint-Sévère"
  },
  {
    "Id": 1018,
    "Name": "Saint-Séverin"
  },
  {
    "Id": 1019,
    "Name": "Saint-Séverin"
  },
  {
    "Id": 1020,
    "Name": "Saint-Siméon"
  },
  {
    "Id": 1021,
    "Name": "Saint-Siméon"
  },
  {
    "Id": 1022,
    "Name": "Saint-Simon"
  },
  {
    "Id": 1023,
    "Name": "Saint-Simon-de-Rimouski"
  },
  {
    "Id": 1024,
    "Name": "Saint-Simon-les-Mines"
  },
  {
    "Id": 1025,
    "Name": "Saint-Sixte"
  },
  {
    "Id": 1026,
    "Name": "Saint-Stanislas"
  },
  {
    "Id": 1027,
    "Name": "Saint-Stanislas"
  },
  {
    "Id": 1028,
    "Name": "Saint-Stanislas-de-Kostka"
  },
  {
    "Id": 1029,
    "Name": "Saint-Sulpice"
  },
  {
    "Id": 1030,
    "Name": "Saint-Sylvère"
  },
  {
    "Id": 1031,
    "Name": "Saint-Sylvestre"
  },
  {
    "Id": 1032,
    "Name": "Saint-Télesphore"
  },
  {
    "Id": 1033,
    "Name": "Saint-Tharcisius"
  },
  {
    "Id": 1034,
    "Name": "Saint-Théodore-d'Acton"
  },
  {
    "Id": 1035,
    "Name": "Saint-Théophile"
  },
  {
    "Id": 1036,
    "Name": "Saint-Thomas"
  },
  {
    "Id": 1037,
    "Name": "Saint-Thomas-Didyme"
  },
  {
    "Id": 1038,
    "Name": "Saint-Thuribe"
  },
  {
    "Id": 1039,
    "Name": "Saint-Tite"
  },
  {
    "Id": 1040,
    "Name": "Saint-Tite-des-Caps"
  },
  {
    "Id": 1041,
    "Name": "Saint-Ubalde"
  },
  {
    "Id": 1042,
    "Name": "Saint-Ulric"
  },
  {
    "Id": 1043,
    "Name": "Saint-Urbain"
  },
  {
    "Id": 1044,
    "Name": "Saint-Urbain-Premier"
  },
  {
    "Id": 1045,
    "Name": "Saint-Valentin"
  },
  {
    "Id": 1046,
    "Name": "Saint-Valère"
  },
  {
    "Id": 1047,
    "Name": "Saint-Valérien"
  },
  {
    "Id": 1048,
    "Name": "Saint-Valérien-de-Milton"
  },
  {
    "Id": 1049,
    "Name": "Saint-Vallier"
  },
  {
    "Id": 1050,
    "Name": "Saint-Venant-de-Paquette"
  },
  {
    "Id": 1051,
    "Name": "Saint-Vianney"
  },
  {
    "Id": 1052,
    "Name": "Saint-Victor"
  },
  {
    "Id": 1053,
    "Name": "Saint-Wenceslas"
  },
  {
    "Id": 1054,
    "Name": "Saint-Zacharie"
  },
  {
    "Id": 1055,
    "Name": "Saint-Zénon"
  },
  {
    "Id": 1056,
    "Name": "Saint-Zénon-du-Lac-Humqui"
  },
  {
    "Id": 1057,
    "Name": "Saint-Zéphirin-de-Courval"
  },
  {
    "Id": 1058,
    "Name": "Saint-Zotique"
  },
  {
    "Id": 1059,
    "Name": "Sainte-Adèle"
  },
  {
    "Id": 1060,
    "Name": "Sainte-Agathe-de-Lotbinière"
  },
  {
    "Id": 1061,
    "Name": "Sainte-Agathe-des-Monts"
  },
  {
    "Id": 1062,
    "Name": "Sainte-Angèle-de-Mérici"
  },
  {
    "Id": 1063,
    "Name": "Sainte-Angèle-de-Monnoir"
  },
  {
    "Id": 1064,
    "Name": "Sainte-Angèle-de-Prémont"
  },
  {
    "Id": 1065,
    "Name": "Sainte-Anne-de-Beaupré"
  },
  {
    "Id": 1066,
    "Name": "Sainte-Anne-de-Bellevue"
  },
  {
    "Id": 1067,
    "Name": "Sainte-Anne-de-la-Pérade"
  },
  {
    "Id": 1068,
    "Name": "Sainte-Anne-de-la-Rochelle"
  },
  {
    "Id": 1069,
    "Name": "Sainte-Anne-de-Sabrevois"
  },
  {
    "Id": 1070,
    "Name": "Sainte-Anne-de-Sorel"
  },
  {
    "Id": 1071,
    "Name": "Sainte-Anne-des-Lacs"
  },
  {
    "Id": 1072,
    "Name": "Sainte-Anne-des-Monts"
  },
  {
    "Id": 1073,
    "Name": "Sainte-Anne-des-Plaines"
  },
  {
    "Id": 1074,
    "Name": "Sainte-Anne-du-Lac"
  },
  {
    "Id": 1075,
    "Name": "Sainte-Apolline-de-Patton"
  },
  {
    "Id": 1076,
    "Name": "Sainte-Aurélie"
  },
  {
    "Id": 1077,
    "Name": "Sainte-Barbe"
  },
  {
    "Id": 1078,
    "Name": "Sainte-Béatrix"
  },
  {
    "Id": 1079,
    "Name": "Sainte-Brigide-d'Iberville"
  },
  {
    "Id": 1080,
    "Name": "Sainte-Brigitte-de-Laval"
  },
  {
    "Id": 1081,
    "Name": "Sainte-Brigitte-des-Saults"
  },
  {
    "Id": 1082,
    "Name": "Sainte-Catherine"
  },
  {
    "Id": 1083,
    "Name": "Sainte-Catherine-de-Hatley"
  },
  {
    "Id": 1084,
    "Name": "Sainte-Catherine-de-la-Jacques-Cartier"
  },
  {
    "Id": 1085,
    "Name": "Sainte-Cécile-de-Lévrard"
  },
  {
    "Id": 1086,
    "Name": "Sainte-Cécile-de-Milton"
  },
  {
    "Id": 1087,
    "Name": "Sainte-Cécile-de-Whitton"
  },
  {
    "Id": 1088,
    "Name": "Sainte-Christine"
  },
  {
    "Id": 1089,
    "Name": "Sainte-Christine-d'Auvergne"
  },
  {
    "Id": 1090,
    "Name": "Sainte-Claire"
  },
  {
    "Id": 1091,
    "Name": "Sainte-Clotilde"
  },
  {
    "Id": 1092,
    "Name": "Sainte-Clotilde-de-Beauce"
  },
  {
    "Id": 1093,
    "Name": "Sainte-Clotilde-de-Horton"
  },
  {
    "Id": 1094,
    "Name": "Sainte-Croix"
  },
  {
    "Id": 1095,
    "Name": "Sainte-Edwidge-de-Clifton"
  },
  {
    "Id": 1096,
    "Name": "Sainte-Élisabeth"
  },
  {
    "Id": 1097,
    "Name": "Sainte-Élisabeth-de-Proulx"
  },
  {
    "Id": 1098,
    "Name": "Sainte-Élizabeth-de-Warwick"
  },
  {
    "Id": 1099,
    "Name": "Sainte-Émélie-de-l'Énergie"
  },
  {
    "Id": 1100,
    "Name": "Sainte-Eulalie"
  },
  {
    "Id": 1101,
    "Name": "Sainte-Euphémie-sur-Rivière-du-Sud"
  },
  {
    "Id": 1102,
    "Name": "Sainte-Famille-de-l'Île-d'Orléans"
  },
  {
    "Id": 1103,
    "Name": "Sainte-Félicité"
  },
  {
    "Id": 1104,
    "Name": "Sainte-Félicité"
  },
  {
    "Id": 1105,
    "Name": "Sainte-Flavie"
  },
  {
    "Id": 1106,
    "Name": "Sainte-Florence"
  },
  {
    "Id": 1107,
    "Name": "Sainte-Françoise"
  },
  {
    "Id": 1108,
    "Name": "Sainte-Françoise"
  },
  {
    "Id": 1109,
    "Name": "Sainte-Geneviève-de-Batiscan"
  },
  {
    "Id": 1110,
    "Name": "Sainte-Geneviève-de-Berthier"
  },
  {
    "Id": 1111,
    "Name": "Sainte-Germaine-Boulé"
  },
  {
    "Id": 1112,
    "Name": "Sainte-Gertrude-Manneville"
  },
  {
    "Id": 1113,
    "Name": "Sainte-Hedwidge"
  },
  {
    "Id": 1114,
    "Name": "Sainte-Hélène-de-Bagot"
  },
  {
    "Id": 1115,
    "Name": "Sainte-Hélène-de-Chester"
  },
  {
    "Id": 1116,
    "Name": "Sainte-Hélène-de-Kamouraska"
  },
  {
    "Id": 1117,
    "Name": "Sainte-Hélène-de-Mancebourg"
  },
  {
    "Id": 1118,
    "Name": "Sainte-Hénédine"
  },
  {
    "Id": 1119,
    "Name": "Sainte-Irène"
  },
  {
    "Id": 1120,
    "Name": "Sainte-Jeanne-d'Arc"
  },
  {
    "Id": 1121,
    "Name": "Sainte-Jeanne-d'Arc-de-la-Mitis"
  },
  {
    "Id": 1122,
    "Name": "Sainte-Julie"
  },
  {
    "Id": 1123,
    "Name": "Sainte-Julienne"
  },
  {
    "Id": 1124,
    "Name": "Sainte-Justine"
  },
  {
    "Id": 1125,
    "Name": "Sainte-Justine-de-Newton"
  },
  {
    "Id": 1126,
    "Name": "Sainte-Louise"
  },
  {
    "Id": 1127,
    "Name": "Sainte-Luce"
  },
  {
    "Id": 1128,
    "Name": "Sainte-Lucie-de-Beauregard"
  },
  {
    "Id": 1129,
    "Name": "Sainte-Lucie-des-Laurentides"
  },
  {
    "Id": 1130,
    "Name": "Sainte-Madeleine"
  },
  {
    "Id": 1131,
    "Name": "Sainte-Madeleine-de-la-Rivière-Madeleine"
  },
  {
    "Id": 1132,
    "Name": "Sainte-Marcelline-de-Kildare"
  },
  {
    "Id": 1133,
    "Name": "Sainte-Marguerite"
  },
  {
    "Id": 1134,
    "Name": "Sainte-Marguerite-du-Lac-Masson"
  },
  {
    "Id": 1135,
    "Name": "Sainte-Marguerite-Marie"
  },
  {
    "Id": 1136,
    "Name": "Sainte-Marie"
  },
  {
    "Id": 1137,
    "Name": "Sainte-Marie-de-Blandford"
  },
  {
    "Id": 1138,
    "Name": "Sainte-Marie-Madeleine"
  },
  {
    "Id": 1139,
    "Name": "Sainte-Marie-Salomé"
  },
  {
    "Id": 1140,
    "Name": "Sainte-Marthe"
  },
  {
    "Id": 1141,
    "Name": "Sainte-Marthe-sur-le-Lac"
  },
  {
    "Id": 1142,
    "Name": "Sainte-Martine"
  },
  {
    "Id": 1143,
    "Name": "Sainte-Mélanie"
  },
  {
    "Id": 1144,
    "Name": "Sainte-Monique"
  },
  {
    "Id": 1145,
    "Name": "Sainte-Monique"
  },
  {
    "Id": 1146,
    "Name": "Sainte-Paule"
  },
  {
    "Id": 1147,
    "Name": "Sainte-Perpétue"
  },
  {
    "Id": 1148,
    "Name": "Sainte-Perpétue"
  },
  {
    "Id": 1149,
    "Name": "Sainte-Pétronille"
  },
  {
    "Id": 1150,
    "Name": "Sainte-Praxède"
  },
  {
    "Id": 1151,
    "Name": "Sainte-Rita"
  },
  {
    "Id": 1152,
    "Name": "Sainte-Rose-de-Watford"
  },
  {
    "Id": 1153,
    "Name": "Sainte-Rose-du-Nord"
  },
  {
    "Id": 1154,
    "Name": "Sainte-Sabine"
  },
  {
    "Id": 1155,
    "Name": "Sainte-Sabine"
  },
  {
    "Id": 1156,
    "Name": "Sainte-Séraphine"
  },
  {
    "Id": 1157,
    "Name": "Sainte-Sophie"
  },
  {
    "Id": 1158,
    "Name": "Sainte-Sophie-d'Halifax"
  },
  {
    "Id": 1159,
    "Name": "Sainte-Sophie-de-Lévrard"
  },
  {
    "Id": 1160,
    "Name": "Sainte-Thècle"
  },
  {
    "Id": 1161,
    "Name": "Sainte-Thérèse"
  },
  {
    "Id": 1162,
    "Name": "Sainte-Thérèse-de-Gaspé"
  },
  {
    "Id": 1163,
    "Name": "Sainte-Thérèse-de-la-Gatineau"
  },
  {
    "Id": 1164,
    "Name": "Sainte-Ursule"
  },
  {
    "Id": 1165,
    "Name": "Sainte-Victoire-de-Sorel"
  },
  {
    "Id": 1166,
    "Name": "Saints-Anges"
  },
  {
    "Id": 1167,
    "Name": "Saints-Martyrs-Canadiens"
  },
  {
    "Id": 1168,
    "Name": "Salaberry-de-Valleyfield"
  },
  {
    "Id": 1169,
    "Name": "Salluit"
  },
  {
    "Id": 1170,
    "Name": "Salluit"
  },
  {
    "Id": 1171,
    "Name": "Sault-au-Cochon"
  },
  {
    "Id": 1172,
    "Name": "Sayabec"
  },
  {
    "Id": 1173,
    "Name": "Schefferville"
  },
  {
    "Id": 1174,
    "Name": "ScotsName"
  },
  {
    "Id": 1175,
    "Name": "Scott"
  },
  {
    "Id": 1176,
    "Name": "Senneterre"
  },
  {
    "Id": 1177,
    "Name": "Senneterre"
  },
  {
    "Id": 1178,
    "Name": "Senneville"
  },
  {
    "Id": 1179,
    "Name": "Sept-Îles"
  },
  {
    "Id": 1180,
    "Name": "Shannon"
  },
  {
    "Id": 1181,
    "Name": "Shawinigan"
  },
  {
    "Id": 1182,
    "Name": "Shawville"
  },
  {
    "Id": 1183,
    "Name": "Sheenboro"
  },
  {
    "Id": 1184,
    "Name": "Shefford"
  },
  {
    "Id": 1185,
    "Name": "Sherbrooke"
  },
  {
    "Id": 1186,
    "Name": "Shigawake"
  },
  {
    "Id": 1187,
    "Name": "Sorel-Tracy"
  },
  {
    "Id": 1188,
    "Name": "Stanbridge East"
  },
  {
    "Id": 1189,
    "Name": "Stanbridge Station"
  },
  {
    "Id": 1190,
    "Name": "Stanstead"
  },
  {
    "Id": 1191,
    "Name": "Stanstead"
  },
  {
    "Id": 1192,
    "Name": "Stanstead-Est"
  },
  {
    "Id": 1193,
    "Name": "Stoke"
  },
  {
    "Id": 1194,
    "Name": "Stoneham-et-Tewkesbury"
  },
  {
    "Id": 1195,
    "Name": "Stornoway"
  },
  {
    "Id": 1196,
    "Name": "Stratford"
  },
  {
    "Id": 1197,
    "Name": "Stukely-Sud"
  },
  {
    "Id": 1198,
    "Name": "Sutton"
  },
  {
    "Id": 1199,
    "Name": "Tadoussac"
  },
  {
    "Id": 1200,
    "Name": "Taschereau"
  },
  {
    "Id": 1201,
    "Name": "Tasiujaq"
  },
  {
    "Id": 1202,
    "Name": "Tasiujaq"
  },
  {
    "Id": 1203,
    "Name": "Témiscaming"
  },
  {
    "Id": 1204,
    "Name": "Témiscouata-sur-le-Lac"
  },
  {
    "Id": 1205,
    "Name": "Terrasse-Vaudreuil"
  },
  {
    "Id": 1206,
    "Name": "Terrebonne"
  },
  {
    "Id": 1207,
    "Name": "Thetford Mines"
  },
  {
    "Id": 1208,
    "Name": "Thorne"
  },
  {
    "Id": 1209,
    "Name": "Thurso"
  },
  {
    "Id": 1210,
    "Name": "Timiskaming"
  },
  {
    "Id": 1211,
    "Name": "Tingwick"
  },
  {
    "Id": 1212,
    "Name": "Toponyme à venir"
  },
  {
    "Id": 1213,
    "Name": "Toponyme à venir"
  },
  {
    "Id": 1214,
    "Name": "Toponyme à venir"
  },
  {
    "Id": 1215,
    "Name": "Toponyme à venir"
  },
  {
    "Id": 1216,
    "Name": "Toponyme à venir"
  },
  {
    "Id": 1217,
    "Name": "Toponyme à venir"
  },
  {
    "Id": 1218,
    "Name": "Toponyme à venir"
  },
  {
    "Id": 1219,
    "Name": "Toponyme à venir"
  },
  {
    "Id": 1220,
    "Name": "Tourville"
  },
  {
    "Id": 1221,
    "Name": "Trécesson"
  },
  {
    "Id": 1222,
    "Name": "Très-Saint-Rédempteur"
  },
  {
    "Id": 1223,
    "Name": "Très-Saint-Sacrement"
  },
  {
    "Id": 1224,
    "Name": "Tring-Jonction"
  },
  {
    "Id": 1225,
    "Name": "Trois-Pistoles"
  },
  {
    "Id": 1226,
    "Name": "Trois-Rives"
  },
  {
    "Id": 1227,
    "Name": "Trois-Rivières"
  },
  {
    "Id": 1228,
    "Name": "Uashat"
  },
  {
    "Id": 1229,
    "Name": "Ulverton"
  },
  {
    "Id": 1230,
    "Name": "Umiujaq"
  },
  {
    "Id": 1231,
    "Name": "Umiujaq"
  },
  {
    "Id": 1232,
    "Name": "Upton"
  },
  {
    "Id": 1233,
    "Name": "Val-Alain"
  },
  {
    "Id": 1234,
    "Name": "Val-Brillant"
  },
  {
    "Id": 1235,
    "Name": "Val-d'Or"
  },
  {
    "Id": 1236,
    "Name": "Val-David"
  },
  {
    "Id": 1237,
    "Name": "Val-des-Bois"
  },
  {
    "Id": 1238,
    "Name": "Val-des-Lacs"
  },
  {
    "Id": 1239,
    "Name": "Val-des-Monts"
  },
  {
    "Id": 1240,
    "Name": "Val-des-Sources"
  },
  {
    "Id": 1241,
    "Name": "Val-Joli"
  },
  {
    "Id": 1242,
    "Name": "Val-Morin"
  },
  {
    "Id": 1243,
    "Name": "Val-Racine"
  },
  {
    "Id": 1244,
    "Name": "Val-Saint-Gilles"
  },
  {
    "Id": 1245,
    "Name": "Valcourt"
  },
  {
    "Id": 1246,
    "Name": "Valcourt"
  },
  {
    "Id": 1247,
    "Name": "Vallée-Jonction"
  },
  {
    "Id": 1248,
    "Name": "Varennes"
  },
  {
    "Id": 1249,
    "Name": "Vaudreuil-Dorion"
  },
  {
    "Id": 1250,
    "Name": "Vaudreuil-sur-le-Lac"
  },
  {
    "Id": 1251,
    "Name": "Venise-en-Québec"
  },
  {
    "Id": 1252,
    "Name": "Verchères"
  },
  {
    "Id": 1253,
    "Name": "Victoriaville"
  },
  {
    "Id": 1254,
    "Name": "Ville-Marie"
  },
  {
    "Id": 1255,
    "Name": "Villeroy"
  },
  {
    "Id": 1256,
    "Name": "Waltham"
  },
  {
    "Id": 1257,
    "Name": "Warden"
  },
  {
    "Id": 1258,
    "Name": "Warwick"
  },
  {
    "Id": 1259,
    "Name": "Waskaganish"
  },
  {
    "Id": 1260,
    "Name": "Waskaganish"
  },
  {
    "Id": 1261,
    "Name": "Waswanipi"
  },
  {
    "Id": 1262,
    "Name": "Waswanipi"
  },
  {
    "Id": 1263,
    "Name": "Waterloo"
  },
  {
    "Id": 1264,
    "Name": "Waterville"
  },
  {
    "Id": 1265,
    "Name": "Weedon"
  },
  {
    "Id": 1266,
    "Name": "Wemindji"
  },
  {
    "Id": 1267,
    "Name": "Wemindji"
  },
  {
    "Id": 1268,
    "Name": "Wemotaci"
  },
  {
    "Id": 1269,
    "Name": "Wendake"
  },
  {
    "Id": 1270,
    "Name": "Wentworth"
  },
  {
    "Id": 1271,
    "Name": "Wentworth-Nord"
  },
  {
    "Id": 1272,
    "Name": "Westbury"
  },
  {
    "Id": 1273,
    "Name": "Westmount"
  },
  {
    "Id": 1274,
    "Name": "Whapmagoostui"
  },
  {
    "Id": 1275,
    "Name": "Whapmagoostui"
  },
  {
    "Id": 1276,
    "Name": "Wickham"
  },
  {
    "Id": 1277,
    "Name": "Windsor"
  },
  {
    "Id": 1278,
    "Name": "Wôlinak"
  },
  {
    "Id": 1279,
    "Name": "Wotton"
  },
  {
    "Id": 1280,
    "Name": "Yamachiche"
  },
  {
    "Id": 1281,
    "Name": "Yamaska"
  }
]